Draw 0,Draw 1,Draw 2,Draw 3,Draw 4,Draw 5,Sum
9,17,32,36,42,44,196
2,3,27,29,39,44,150
3,5,9,13,14,38,112
26,35,38,43,47,49,266
11,17,21,29,30,40,179
6,12,15,16,31,44,161
3,5,14,22,30,44,128
6,32,39,42,43,45,243
6,11,34,40,47,49,203
7,8,23,28,35,49,160
5,11,12,26,29,33,136
15,16,19,26,35,46,164
16,23,28,30,42,46,230
4,7,18,33,45,48,156
7,10,23,28,30,48,149
6,14,18,27,44,48,158
7,16,27,33,35,44,167
2,6,17,19,21,47,117
4,5,9,25,30,47,137
10,22,28,30,36,37,208
10,11,29,32,33,40,171
5,10,19,24,34,46,166
2,10,14,25,37,41,134
2,12,20,22,41,45,189
1,15,22,28,40,49,199
16,18,21,27,38,41,187
5,8,23,24,28,48,155
11,25,28,33,34,47,226
1,8,25,30,35,45,159
28,34,41,45,46,49,254
2,3,21,22,23,40,135
1,4,20,31,41,43,178
1,3,11,14,20,40,134
5,7,8,25,44,48,140
5,15,21,42,43,45,191
27,30,33,38,40,48,218
12,15,26,44,46,49,206
1,21,29,31,32,40,181
12,13,25,37,44,45,185
15,16,17,28,32,46,176
7,16,25,26,28,41,162
5,14,17,35,43,48,184
9,15,22,31,34,48,182
8,18,20,33,36,38,199
1,4,6,23,26,49,117
14,17,22,24,42,47,200
22,25,30,32,41,43,222
4,17,41,42,44,49,221
9,18,19,24,31,41,163
2,13,22,27,29,46,175
11,12,17,26,36,42,157
5,8,10,18,31,33,133
16,19,21,29,36,45,209
15,18,29,35,38,48,188
1,7,37,38,42,46,191
4,16,25,26,31,43,166
6,16,20,30,31,47,154
7,17,23,32,38,42,207
2,5,21,22,25,32,153
8,10,20,27,31,39,165
5,26,35,38,42,45,237
12,24,33,34,42,47,236
6,13,17,22,42,47,177
4,5,12,25,26,49,169
16,33,34,43,46,49,268
1,5,16,18,37,42,143
8,24,27,41,43,49,197
7,23,32,35,43,48,213
1,3,9,20,30,35,134
10,13,31,34,39,48,208
15,16,25,30,39,45,184
6,9,25,45,47,48,194
19,23,26,31,36,39,177
7,8,12,30,35,41,180
2,9,10,11,38,48,119
5,13,15,18,32,44,168
3,5,14,27,44,47,183
8,11,14,18,33,44,162
2,28,33,39,42,44,234
3,23,36,38,41,45,230
13,17,26,28,31,36,195
2,13,19,21,32,45,141
6,14,20,25,34,44,188
5,10,11,12,41,42,123
13,26,43,44,45,47,254
4,17,27,34,35,46,170
3,4,7,11,17,40,102
13,18,25,44,46,47,227
11,15,17,25,32,46,175
24,35,36,37,39,45,236
8,20,26,34,42,43,198
4,12,13,33,40,46,189
7,10,12,22,34,48,144
6,25,26,33,34,47,220
4,6,11,18,31,48,159
9,28,29,31,40,48,208
23,38,40,44,47,49,253
1,4,6,14,17,38,89
12,26,27,28,37,49,222
5,7,14,18,30,43,145
2,12,19,28,38,48,192
14,16,29,30,37,45,178
9,11,12,24,41,45,148
2,5,7,24,35,44,147
4,14,15,16,18,22,122
4,11,14,15,28,42,120
2,9,22,26,32,44,175
16,17,38,41,42,43,225
5,23,25,30,33,37,156
21,29,31,32,34,48,220
2,3,4,13,42,44,132
8,13,18,21,23,29,142
14,21,28,31,40,46,189
5,6,11,29,36,41,175
1,2,7,26,34,38,122
17,35,36,43,46,49,233
3,4,11,14,30,32,140
4,17,22,29,38,48,178
5,9,19,21,30,49,176
1,8,36,39,47,49,217
2,8,21,29,46,47,181
5,11,19,23,24,47,146
8,14,24,28,39,45,187
22,27,33,42,46,47,249
11,14,23,32,34,35,190
3,6,8,27,36,45,172
5,24,34,37,40,48,221
1,4,6,9,32,38,136
9,10,14,16,37,39,153
2,4,25,32,33,45,172
10,21,27,38,40,44,214
1,8,9,14,24,35,124
4,9,25,28,32,46,191
11,17,30,35,39,45,224
15,17,18,27,34,40,180
3,4,7,23,34,43,129
12,19,28,36,40,46,219
8,12,17,35,38,49,184
15,21,29,32,33,40,212
12,14,29,31,32,44,208
9,30,38,40,43,44,235
7,20,21,22,40,44,158
1,2,5,31,32,40,155
20,31,32,35,43,45,211
20,22,26,36,40,41,201
10,14,22,30,38,43,182
6,20,30,33,38,46,215
1,7,22,25,31,47,153
4,10,25,36,44,47,195
8,20,27,28,36,41,190
2,9,19,20,38,49,148
5,10,17,29,41,43,190
1,18,20,25,30,31,169
3,5,6,20,45,49,159
2,16,28,37,43,47,204
3,6,12,19,44,45,149
9,15,20,27,30,41,173
4,11,21,27,28,34,141
7,19,36,44,45,47,202
8,18,23,26,35,45,158
4,9,27,37,44,45,173
3,5,13,22,24,43,133
1,4,11,36,43,44,180
6,10,18,22,41,45,171
2,9,14,36,43,48,179
12,17,27,28,38,40,168
1,17,26,27,30,44,192
4,14,19,23,25,48,175
3,8,10,16,43,44,158
10,31,33,40,42,44,220
12,14,21,25,30,40,145
18,19,21,30,34,44,172
2,5,9,28,29,45,167
3,19,24,25,36,48,172
3,21,23,25,26,33,155
5,8,21,38,39,49,194
2,9,13,18,27,48,141
2,8,16,21,29,37,135
12,19,22,23,25,44,147
12,19,28,31,34,43,207
6,20,29,31,35,40,182
8,10,16,17,24,40,128
6,10,14,25,27,38,125
8,12,17,23,34,43,173
1,14,16,25,32,37,136
3,6,9,19,37,48,147
9,27,29,37,42,44,209
6,22,35,42,45,49,215
1,3,28,31,41,46,183
5,10,17,25,40,43,148
17,19,31,36,39,40,207
24,33,42,43,44,47,250
14,27,39,40,41,43,225
13,16,17,29,40,48,195
7,24,37,39,40,43,205
3,4,5,16,22,25,87
5,12,20,29,39,42,169
7,12,20,24,28,43,179
2,8,23,33,42,49,171
2,34,36,38,44,46,240
1,5,8,9,23,27,95
9,11,19,36,39,41,168
7,14,21,34,38,47,174
5,14,23,29,38,45,201
9,13,27,30,36,47,177
9,25,28,29,31,35,194
12,16,20,28,36,48,194
1,24,28,31,35,47,175
3,21,22,26,31,48,194
4,11,16,18,35,43,166
11,13,14,27,40,41,169
3,13,18,24,34,49,174
2,8,11,32,35,41,133
4,12,18,30,38,47,169
9,10,18,25,28,48,172
11,19,20,24,29,40,152
26,28,38,39,41,46,243
1,7,39,40,45,49,219
4,7,23,26,27,35,150
7,11,16,28,37,49,178
4,25,26,30,37,45,213
4,8,30,37,39,43,192
7,9,17,22,38,49,189
2,8,12,30,35,47,173
7,11,12,17,23,39,151
5,11,19,25,29,49,150
13,24,25,31,32,44,212
2,9,11,23,24,42,138
5,9,12,14,18,38,131
1,2,7,17,31,49,148
6,8,15,23,26,41,168
3,11,15,41,42,48,186
3,25,36,37,41,45,196
1,2,5,15,41,45,133
11,13,21,26,43,46,198
2,12,24,29,30,33,171
1,11,18,19,22,32,144
10,12,14,28,31,38,160
6,15,18,29,35,40,192
9,11,14,26,28,39,154
24,26,27,28,34,40,188
18,25,28,36,40,45,235
3,15,23,25,28,33,156
1,2,9,27,28,32,124
9,10,11,27,42,47,154
7,19,27,33,39,43,177
10,12,37,42,44,45,210
3,20,26,27,30,43,194
2,10,11,27,32,38,126
5,27,34,44,46,48,253
3,5,15,22,31,35,158
12,21,23,25,44,49,194
2,5,17,21,45,47,162
13,35,38,40,42,47,249
12,14,31,41,48,49,201
1,7,23,29,38,48,148
18,25,36,38,43,44,223
28,34,38,39,46,47,253
3,11,20,33,42,44,189
1,15,23,31,35,39,158
3,14,23,30,39,43,184
12,13,21,23,33,36,152
9,15,25,29,32,49,173
17,18,28,40,44,46,222
7,9,11,23,30,43,158
2,14,19,25,26,33,137
1,14,27,31,38,47,190
2,10,16,17,20,27,131
2,7,10,15,27,45,137
2,9,26,28,33,46,165
1,15,23,31,42,48,165
1,17,18,23,33,41,175
2,3,14,29,38,40,169
8,13,15,26,39,42,176
8,20,24,35,43,47,209
11,15,31,35,36,42,180
2,4,6,10,34,44,121
3,13,16,23,41,42,159
2,9,25,26,35,40,184
6,7,14,19,22,27,104
2,4,16,24,29,49,171
12,15,28,34,36,40,166
17,22,36,38,43,48,220
3,7,9,10,12,37,124
1,13,29,31,33,42,158
1,12,18,26,29,36,124
7,10,31,35,43,44,207
9,22,37,41,43,47,213
5,19,24,33,38,48,187
1,2,24,36,37,38,169
11,13,23,28,29,37,149
1,6,10,25,31,45,126
2,15,23,26,41,43,155
12,25,31,39,46,47,201
2,15,18,26,36,38,177
16,22,23,28,33,37,176
4,11,14,39,43,44,192
6,28,30,34,41,45,196
1,7,15,18,30,31,111
9,21,27,36,42,48,196
2,16,25,27,37,45,162
1,5,10,13,25,32,134
8,13,14,17,20,28,110
11,32,38,42,46,49,244
9,25,27,31,42,45,203
13,17,32,35,42,45,204
17,22,30,40,46,48,213
4,12,15,31,32,47,155
1,4,6,14,24,49,120
5,12,24,35,36,38,184
14,31,33,38,46,48,236
20,27,28,31,33,41,218
3,10,11,27,47,49,155
7,14,25,32,36,38,196
1,13,26,28,35,45,178
16,26,33,36,39,47,240
2,21,23,24,25,35,168
29,32,39,46,47,49,266
6,7,12,13,18,29,110
4,9,16,35,43,44,178
5,9,27,37,43,46,195
7,10,11,26,31,33,157
16,23,25,31,35,47,225
28,36,37,38,42,47,251
8,10,22,46,47,49,214
1,12,16,33,34,44,177
7,9,15,20,29,34,120
2,6,23,31,33,36,151
7,10,21,28,29,39,136
2,10,18,19,28,35,138
8,10,23,34,36,46,159
3,22,25,31,35,37,201
10,15,17,27,44,47,174
4,9,13,22,25,32,108
4,8,10,15,25,39,150
9,18,27,29,33,43,207
11,25,27,31,40,41,187
3,19,23,29,33,34,151
8,15,26,29,38,46,174
9,13,19,21,30,45,174
3,14,28,37,38,49,202
1,3,8,33,39,43,176
18,20,26,30,43,49,222
6,16,21,28,37,44,167
5,11,15,18,23,33,143
9,14,27,30,32,49,164
2,4,16,21,29,46,123
8,10,17,22,36,38,165
3,5,7,10,14,20,75
3,5,19,27,39,49,157
6,14,15,17,27,47,155
1,8,20,22,36,48,146
12,15,16,17,42,48,195
6,8,13,34,38,45,161
1,9,18,24,38,44,160
1,15,22,38,39,48,188
4,7,19,22,24,46,169
3,4,9,29,31,36,153
12,26,27,32,46,49,234
3,14,30,32,46,49,184
8,25,26,37,38,48,206
12,17,26,32,33,46,170
3,15,23,42,45,48,222
1,15,21,37,41,42,200
5,7,15,26,35,40,173
4,6,8,41,43,44,174
11,17,28,36,42,44,215
2,14,19,25,32,49,172
2,17,18,23,30,40,173
8,11,18,30,33,43,177
4,6,20,24,41,42,175
17,21,25,37,38,45,188
3,18,21,23,36,49,197
8,10,12,34,46,48,178
11,20,24,28,35,48,199
17,23,27,34,36,37,186
3,7,9,12,43,44,163
14,22,26,29,33,46,180
8,11,14,24,26,49,177
1,2,5,27,38,49,163
4,14,18,24,27,40,160
8,9,26,29,38,47,201
1,12,24,31,33,47,155
7,13,17,22,39,44,160
7,20,24,31,33,40,204
15,23,24,36,43,49,201
3,8,11,25,46,47,170
3,12,22,31,44,46,203
3,16,28,29,41,46,169
5,9,12,25,30,32,151
10,18,25,32,35,36,158
10,15,23,27,29,46,188
3,7,9,15,40,43,128
1,5,12,24,26,38,117
9,25,30,36,44,48,194
13,21,27,32,45,48,208
13,17,25,29,45,49,206
1,7,29,38,45,46,201
1,2,15,17,24,44,125
8,18,27,32,36,49,216
8,32,33,37,43,47,245
20,22,24,25,36,40,168
1,7,13,15,38,43,164
2,3,13,27,34,48,168
3,9,17,23,29,40,165
2,22,31,32,40,42,202
5,23,26,27,47,49,225
2,20,21,33,35,49,192
2,17,23,38,40,49,179
3,16,18,24,39,47,164
7,19,32,37,40,44,226
2,3,6,20,21,22,85
1,8,10,17,32,47,117
4,8,14,19,28,40,125
11,26,28,32,41,42,224
6,25,27,35,42,48,198
1,15,23,34,37,40,195
2,11,18,21,23,47,149
4,31,33,38,41,46,215
1,7,16,18,38,47,137
9,24,26,36,37,42,199
2,16,17,23,37,38,139
5,8,39,41,46,49,201
17,21,26,29,34,39,203
3,12,23,34,38,39,160
11,16,25,31,32,33,171
6,10,13,19,27,47,147
2,19,28,37,46,47,217
7,19,28,30,33,37,183
3,6,20,42,43,48,192
4,12,20,23,31,33,139
6,9,11,21,27,43,134
13,19,28,31,41,44,182
18,23,28,34,35,47,196
2,5,9,16,27,43,130
2,8,17,29,33,44,144
4,9,20,23,38,45,186
1,13,14,23,31,47,138
6,9,13,14,26,38,128
8,14,15,18,24,44,154
4,6,11,19,32,36,131
7,22,31,37,38,40,205
6,10,19,30,34,41,166
1,6,20,28,31,45,157
10,14,19,43,46,49,183
12,15,27,32,40,44,205
4,10,24,28,40,47,178
6,16,18,32,35,45,198
7,25,30,34,38,39,201
4,22,23,26,42,47,169
14,20,25,32,47,49,221
3,4,24,25,35,43,141
6,7,11,23,32,44,157
11,12,21,31,36,40,173
13,21,24,38,40,41,186
4,11,16,29,34,35,142
3,31,32,37,38,47,208
5,22,34,38,43,46,197
11,24,33,34,37,45,227
6,31,35,36,43,46,230
10,14,32,35,36,43,207
1,3,35,37,39,48,189
26,35,38,39,44,46,229
29,30,33,37,45,48,237
2,28,29,40,43,47,219
13,16,43,45,47,48,248
16,23,31,33,38,41,202
1,2,7,35,39,44,142
4,12,21,27,41,49,194
21,30,35,38,41,46,237
6,11,19,23,25,28,147
11,16,22,39,42,48,216
8,10,27,38,40,46,172
6,9,32,34,42,48,175
1,10,24,33,37,46,155
4,22,24,25,40,43,164
4,7,23,24,26,38,125
1,14,15,35,44,47,190
2,5,20,24,28,39,139
3,8,19,35,36,48,170
1,11,14,19,38,44,172
21,23,33,34,43,45,239
6,8,21,36,38,46,188
7,11,18,21,25,44,154
1,10,11,15,21,48,113
6,30,35,42,44,45,235
10,18,29,37,38,46,182
2,3,30,31,41,45,175
5,6,24,36,38,48,172
15,16,19,27,29,42,172
4,9,14,28,36,39,136
26,31,35,43,48,49,270
1,3,7,19,29,44,128
2,23,28,31,46,48,220
9,12,19,22,26,34,166
18,23,30,46,47,49,244
2,3,7,10,40,48,147
3,11,19,25,29,30,133
11,18,20,23,28,32,147
15,22,23,27,32,37,199
6,18,20,33,36,40,163
5,8,15,16,22,39,136
7,12,25,28,30,40,179
7,12,37,42,46,49,202
6,18,22,32,36,46,184
11,13,19,26,28,47,152
4,8,10,12,15,30,113
3,5,6,8,16,45,84
11,17,18,20,39,47,195
1,5,11,32,43,46,176
6,7,12,16,19,42,120
4,6,12,17,18,19,113
3,6,14,19,32,41,150
21,38,40,46,47,49,289
10,30,31,32,39,42,209
5,7,17,21,27,48,162
6,14,21,28,41,43,183
7,9,10,40,41,44,165
4,16,17,43,46,48,179
10,12,16,17,31,47,154
3,10,14,17,19,27,139
13,18,32,34,39,41,179
5,22,25,30,31,33,153
2,5,14,23,27,48,157
11,19,31,32,36,45,215
10,17,26,29,36,37,171
1,9,10,12,23,40,103
7,28,34,43,46,48,226
5,7,13,24,35,40,140
9,23,25,33,38,44,201
1,14,16,30,34,42,146
4,6,8,19,23,29,127
2,14,19,26,34,48,154
8,22,31,32,42,45,200
23,27,30,37,38,42,225
10,25,30,38,44,46,210
12,19,30,34,37,41,174
19,29,32,33,43,47,249
6,23,24,25,30,49,196
8,9,10,20,39,40,162
10,31,34,39,43,44,218
4,5,6,18,36,49,131
2,21,23,24,27,38,168
8,38,39,40,43,44,215
1,3,6,19,21,26,90
5,20,26,31,32,40,190
8,33,38,40,48,49,222
18,26,28,30,38,46,211
9,12,29,33,44,47,219
2,14,26,30,44,45,201
2,14,17,22,38,44,172
3,14,15,17,19,47,120
6,14,35,45,46,49,211
6,8,21,25,30,45,177
2,9,15,17,40,48,154
11,21,25,27,30,35,189
1,6,13,18,20,49,137
15,23,24,27,43,48,192
1,9,32,34,38,49,166
4,5,9,13,29,47,143
1,10,14,30,36,43,154
14,20,22,29,33,37,200
11,16,18,22,23,31,158
4,6,18,21,35,38,153
18,19,25,36,38,40,218
26,29,31,32,39,46,236
4,7,11,15,28,47,151
11,15,20,27,33,40,160
3,13,29,31,36,45,201
1,2,3,8,30,37,100
1,9,13,18,27,45,142
2,25,31,37,41,45,187
7,11,14,22,37,38,165
11,16,19,24,33,47,189
24,34,37,38,41,49,238
13,28,32,38,40,47,225
9,15,22,43,46,48,204
12,18,39,43,45,49,239
7,15,16,24,25,46,170
11,18,24,31,34,49,215
7,25,31,35,39,45,190
12,14,19,33,35,48,201
12,14,24,33,45,48,207
12,16,35,37,38,47,211
7,11,19,24,32,39,161
7,15,23,35,39,44,211
3,15,22,29,35,49,173
4,11,30,31,44,47,188
4,12,30,33,43,48,205
1,25,27,33,38,45,173
6,29,30,38,39,45,209
9,18,27,30,32,48,210
1,3,16,33,46,47,181
2,17,20,23,28,43,149
2,25,33,40,44,47,208
10,11,24,35,40,44,197
12,20,23,26,33,46,161
30,35,41,44,46,49,278
7,24,35,41,42,47,208
2,19,37,38,44,49,222
9,19,30,32,34,44,186
10,16,23,24,28,45,192
22,23,26,34,37,44,194
2,25,34,35,36,39,197
6,25,31,32,42,43,217
11,22,27,34,39,42,211
1,3,15,26,45,46,184
1,5,8,31,37,38,135
2,4,12,21,36,37,158
3,12,30,33,40,49,189
7,14,20,24,38,48,168
4,9,12,13,22,32,100
1,3,12,28,29,41,156
8,10,24,30,40,44,173
10,14,31,35,40,45,201
3,10,23,27,30,32,144
7,9,12,17,20,32,127
2,5,33,37,40,45,184
2,15,16,17,25,26,145
1,16,33,36,38,45,217
4,12,15,39,45,47,184
10,11,28,29,31,39,172
13,17,22,41,43,47,211
10,13,24,31,36,47,202
12,23,28,34,36,40,191
10,14,15,23,24,27,152
6,16,23,34,35,40,191
5,6,16,17,19,22,125
2,5,14,23,27,48,157
2,18,20,32,36,37,150
4,8,9,19,32,46,135
4,22,23,37,43,44,192
11,17,21,22,40,42,172
11,21,38,39,45,47,227
10,13,15,16,29,48,180
2,19,29,34,35,36,173
2,4,23,26,28,40,152
6,7,20,29,37,39,163
11,25,35,36,42,47,214
5,6,12,19,30,47,144
16,18,19,44,46,48,194
10,30,34,42,48,49,219
3,6,8,14,24,31,121
4,5,8,19,31,37,140
2,6,8,21,41,42,127
5,28,32,39,42,48,215
10,21,26,31,48,49,214
7,10,24,32,33,45,180
11,26,36,43,44,46,235
12,30,43,44,45,47,231
13,19,25,28,34,45,196
16,18,35,36,39,48,207
7,22,25,31,44,47,177
15,16,18,36,37,49,199
2,3,14,15,21,48,111
2,9,10,11,13,16,87
6,21,29,32,33,47,172
1,6,7,11,13,30,95
4,7,12,29,37,42,145
8,14,24,27,29,32,155
15,20,28,37,40,44,207
7,21,29,31,38,41,195
2,23,28,33,45,47,191
2,18,23,31,43,46,174
4,7,9,17,36,46,142
4,17,26,28,38,46,162
5,14,19,32,34,42,181
19,20,31,32,35,40,200
1,6,8,20,29,38,133
13,16,23,28,31,32,161
10,22,23,30,33,42,196
6,11,19,35,36,44,190
9,13,15,23,26,45,180
24,26,28,29,34,44,230
7,13,21,34,35,43,163
7,10,16,34,47,48,198
10,11,31,41,45,46,226
15,21,23,24,31,32,154
4,18,19,20,30,43,158
1,20,42,43,44,49,208
2,4,5,22,27,29,113
4,25,28,36,42,49,221
6,7,25,33,38,43,175
14,17,18,22,32,37,152
18,21,32,36,39,41,196
3,13,14,23,30,36,151
1,2,10,34,47,48,154
15,16,18,28,36,47,209
3,5,7,26,43,47,141
13,19,27,36,41,44,183
19,26,30,34,40,44,206
7,14,15,25,27,40,146
5,9,18,39,43,46,208
21,22,30,31,38,48,203
4,6,10,19,40,49,137
1,25,27,35,43,46,199
8,10,42,44,47,49,214
8,9,11,17,45,47,161
10,15,19,22,24,32,163
11,19,32,33,43,44,185
3,13,17,20,21,30,127
7,14,21,32,43,44,192
5,13,19,30,32,43,148
3,19,22,40,41,44,204
5,11,24,26,34,41,143
17,18,32,35,39,48,197
4,8,18,26,32,34,132
8,14,25,36,38,47,183
6,9,20,24,35,36,169
9,24,28,30,31,40,211
10,18,25,28,37,43,175
5,6,26,41,42,44,175
1,7,15,23,27,34,133
9,18,20,21,39,48,161
5,17,20,31,33,34,166
8,11,25,33,37,43,187
6,12,28,31,39,44,202
8,9,27,34,43,48,194
17,21,24,25,46,49,204
10,20,24,36,37,44,172
4,7,12,13,16,29,103
7,15,20,28,40,48,162
2,13,20,36,37,40,182
6,12,30,39,45,46,189
12,19,27,39,42,47,190
10,13,20,25,27,32,128
6,8,14,19,20,44,152
7,18,34,37,39,42,198
15,16,23,27,32,44,174
1,3,11,12,20,24,109
16,20,28,29,41,45,191
2,16,28,34,41,42,201
2,6,20,24,29,32,134
2,5,14,23,27,48,157
19,28,31,34,41,47,201
3,18,22,27,41,46,194
1,7,24,27,46,48,184
8,23,35,39,44,46,226
4,6,13,21,36,46,163
1,7,9,28,33,39,121
8,14,21,26,37,48,163
3,11,13,34,35,43,147
2,28,34,35,38,47,190
9,23,25,26,33,36,189
16,32,34,35,40,48,208
1,5,8,16,31,39,122
11,12,13,18,43,48,166
17,30,31,32,35,47,234
6,9,13,17,21,24,120
2,12,33,39,45,48,208
10,12,18,20,22,47,167
9,11,15,24,38,46,172
9,19,25,29,30,38,153
4,10,18,21,43,49,160
6,19,29,32,34,46,205
5,11,17,23,40,45,182
7,11,16,32,42,49,174
3,6,11,20,34,43,153
6,22,25,26,28,44,160
2,8,23,32,35,39,155
3,16,24,27,30,48,169
7,24,30,44,46,47,236
11,13,28,34,37,45,177
1,2,15,23,31,48,169
3,9,15,16,21,29,139
3,4,8,9,30,32,98
9,25,28,37,41,48,218
1,21,25,27,39,42,172
10,11,13,38,39,42,161
18,26,33,38,43,44,204
8,18,19,29,44,45,205
10,15,18,25,42,48,169
5,6,34,37,42,48,203
1,9,10,12,42,45,146
10,15,16,18,19,28,114
11,14,19,25,30,41,178
1,8,13,22,36,45,146
5,26,28,45,47,49,208
2,17,22,38,45,49,174
1,12,16,26,37,49,164
11,19,23,31,38,46,177
3,9,10,17,34,48,157
2,15,16,17,26,42,153
9,12,13,15,21,33,146
2,7,24,30,31,35,147
6,10,18,19,22,43,126
1,14,17,23,30,47,144
1,10,17,23,29,35,151
2,6,7,23,27,30,116
12,20,36,39,44,45,245
16,18,26,32,38,40,197
3,12,29,37,43,46,181
9,13,22,39,48,49,194
2,5,6,17,18,30,107
7,20,27,40,43,49,198
2,9,12,22,25,26,117
1,7,15,25,27,32,129
4,22,25,30,34,42,192
18,19,21,32,35,39,206
8,12,15,22,36,48,178
1,3,4,16,17,27,75
8,18,24,26,32,38,177
7,12,26,33,35,47,188
3,6,7,29,46,49,177
16,20,26,35,43,46,196
9,21,27,33,35,48,191
13,24,31,33,41,44,191
8,10,13,31,38,48,162
5,7,23,29,38,47,175
3,5,16,25,43,45,160
7,20,25,27,33,45,198
9,26,30,31,38,45,211
8,11,15,21,37,39,156
5,15,21,33,35,42,177
10,22,35,37,47,49,231
2,8,10,45,47,49,170
2,10,15,16,18,39,136
4,24,25,28,38,47,177
6,16,33,37,40,41,198
5,6,8,32,33,41,140
3,8,12,23,34,46,150
22,24,29,31,44,45,230
5,18,34,38,40,45,202
19,30,33,38,42,44,237
1,4,10,17,28,35,127
4,20,32,44,48,49,224
12,17,18,20,30,35,181
23,27,32,37,41,43,238
1,13,17,26,42,46,175
2,13,30,39,45,47,197
1,6,26,29,37,48,174
3,19,35,38,39,42,177
5,16,23,35,44,47,216
4,11,20,35,43,46,177
11,29,33,38,46,48,249
9,18,22,26,37,41,173
10,12,22,34,46,48,175
19,32,33,36,40,45,233
3,22,27,29,34,41,187
4,22,30,41,43,47,216
15,19,24,36,37,49,215
4,12,27,44,45,47,220
5,16,22,25,27,30,158
7,11,19,25,31,39,155
7,9,19,23,27,49,135
11,12,16,26,35,39,173
8,9,35,38,42,45,191
7,18,27,31,36,49,211
4,7,9,10,43,46,130
6,9,15,23,38,48,184
1,4,8,26,28,36,134
11,14,20,24,28,36,179
4,10,12,13,14,22,96
13,27,37,40,43,49,210
2,26,29,36,39,40,182
5,25,33,35,36,39,216
3,8,9,26,27,47,165
9,11,21,39,40,46,201
22,27,33,37,38,40,221
10,13,19,25,31,33,152
25,32,33,36,45,46,264
3,7,14,17,18,43,144
6,17,22,27,30,34,162
6,11,12,19,37,44,145
1,5,6,31,33,41,152
4,14,23,31,35,41,172
3,10,28,29,42,43,157
12,19,40,42,46,49,225
5,10,13,14,28,42,160
3,11,17,21,33,44,156
5,8,19,30,35,42,157
1,10,27,35,39,48,188
3,5,10,25,43,47,153
12,25,27,32,37,49,210
6,7,10,20,37,44,160
10,12,13,19,31,46,148
1,2,19,30,44,49,166
6,11,12,13,36,42,141
13,14,31,32,37,41,210
11,12,19,47,48,49,193
8,11,28,33,38,41,199
4,7,8,10,17,22,79
3,13,17,29,40,48,189
10,11,14,21,25,42,138
22,27,30,31,48,49,235
6,9,13,15,40,43,128
1,3,11,16,23,36,112
6,27,33,38,45,47,204
6,9,31,32,40,47,189
5,10,11,16,17,33,105
6,8,21,25,43,47,166
11,12,15,29,37,43,192
16,21,24,28,31,33,156
5,18,21,24,38,48,179
2,23,28,31,42,45,188
22,26,29,31,35,42,191
7,22,35,44,48,49,221
1,12,23,26,35,45,185
5,8,9,26,29,44,137
5,22,26,40,42,43,222
1,4,6,18,19,40,118
11,15,18,24,34,44,174
1,4,5,25,34,46,127
10,22,28,33,37,39,211
4,29,35,44,46,49,219
10,11,15,18,19,40,141
14,17,23,28,42,49,178
23,32,33,42,43,45,222
5,6,10,15,27,49,132
1,3,26,34,43,47,166
1,3,4,5,17,37,97
7,19,20,29,41,49,183
3,21,31,42,47,48,226
1,3,22,32,38,44,185
25,30,34,39,40,47,231
9,25,33,36,46,49,241
3,9,12,28,29,38,124
4,7,8,11,24,40,127
19,21,25,33,37,41,214
7,17,19,26,29,41,188
13,21,37,42,46,48,229
5,16,30,38,42,43,178
1,10,11,18,19,46,148
11,14,17,34,37,43,178
17,19,20,35,43,45,186
24,38,40,44,47,48,264
6,19,22,38,39,43,185
6,21,28,34,38,41,215
1,5,8,18,42,48,160
1,3,5,13,21,24,96
14,15,17,31,39,45,184
22,23,38,40,43,47,245
18,22,25,44,45,46,207
9,11,18,20,35,47,180
5,12,13,19,27,47,163
8,10,16,17,30,47,135
16,25,27,32,35,43,220
3,11,25,28,34,45,188
4,8,21,24,39,44,145
2,5,19,21,40,46,166
14,23,29,39,41,45,208
2,12,17,23,24,34,122
17,18,22,23,40,49,179
3,22,27,29,34,41,187
6,9,11,33,36,49,173
6,8,10,19,30,42,138
17,21,25,27,30,37,173
5,6,12,13,31,45,136
7,11,15,21,35,47,179
7,9,17,22,27,40,163
20,23,25,30,31,48,187
2,8,11,12,22,26,127
2,10,11,28,36,47,167
7,14,29,37,41,45,177
19,27,28,34,39,46,200
14,33,36,39,42,46,223
4,9,10,19,24,37,131
4,9,22,24,30,41,150
12,13,25,30,45,47,214
1,15,23,30,45,49,196
12,13,21,26,32,39,160
19,25,32,47,48,49,248
2,5,13,30,39,49,141
10,14,26,28,33,38,172
18,20,22,30,32,39,164
7,18,20,21,29,47,173
4,7,29,30,42,44,195
5,7,13,15,19,45,142
1,14,20,22,25,26,117
14,17,23,30,34,42,179
4,6,31,42,46,47,187
21,32,41,42,43,46,242
2,11,27,29,36,44,164
2,23,33,35,40,42,200
9,21,23,31,40,46,178
15,20,22,25,35,39,192
1,8,24,27,34,46,170
1,5,7,41,43,49,191
14,26,34,35,36,45,222
4,10,14,21,32,49,174
6,13,17,23,32,43,183
1,40,43,44,48,49,227
7,11,12,20,38,44,177
3,10,13,22,31,33,127
19,22,30,35,44,48,201
8,15,30,31,34,43,201
3,6,7,17,30,34,105
2,10,30,36,37,43,187
3,9,13,35,43,45,156
10,12,13,17,31,37,164
7,12,16,24,29,37,169
4,29,39,41,43,45,243
2,3,21,24,38,44,179
3,25,36,39,42,47,215
7,20,22,23,34,37,181
3,12,17,36,44,49,181
8,25,33,35,38,40,186
7,12,23,26,29,44,172
15,23,27,38,44,49,230
1,4,7,44,47,48,165
4,7,26,41,42,49,206
7,11,12,37,42,45,158
1,2,18,25,34,45,156
11,13,26,34,44,48,178
6,8,13,15,21,40,138
3,11,17,19,20,41,117
10,16,21,24,34,46,181
14,18,29,33,37,39,217
14,34,38,43,47,48,233
4,19,22,27,28,47,188
12,18,22,33,43,48,201
1,6,11,17,29,43,115
2,6,21,34,35,49,193
30,35,38,41,45,48,283
2,23,26,30,39,47,198
2,15,20,24,32,47,169
3,18,25,29,31,43,172
13,26,27,38,41,43,223
25,26,32,39,40,42,245
14,23,36,40,41,48,208
14,22,25,27,45,47,188
22,26,36,43,45,49,227
18,26,27,29,34,42,212
1,11,23,26,29,31,160
5,21,23,28,40,48,191
12,14,25,30,32,38,193
6,8,18,33,43,49,184
3,7,9,21,35,39,146
1,2,8,9,41,48,138
14,21,25,39,40,47,206
6,19,24,26,27,49,159
3,6,15,16,33,48,164
8,14,25,40,43,48,211
17,25,30,32,36,37,183
10,16,19,30,35,45,161
9,13,18,29,30,49,189
11,18,20,23,32,48,177
12,18,22,24,32,33,158
19,22,33,36,43,44,198
2,19,28,33,44,49,196
3,8,27,38,44,46,201
3,12,14,22,33,40,143
5,15,23,30,34,42,163
15,24,28,33,34,47,218
5,20,30,32,35,38,169
4,5,31,33,38,42,194
7,10,17,28,29,33,160
5,8,15,20,42,48,178
4,6,9,12,15,40,111
1,2,7,11,37,45,117
16,27,29,34,39,45,209
10,16,24,37,44,49,184
4,10,21,22,25,38,151
5,8,11,27,30,46,161
4,12,14,20,46,49,169
5,8,10,18,20,46,150
2,5,9,12,22,32,116
9,11,15,31,42,46,181
17,20,31,40,42,46,197
4,7,31,38,44,48,173
14,15,24,31,45,49,212
1,19,20,32,42,46,209
2,3,17,22,40,42,138
23,24,28,33,34,41,201
2,18,31,38,39,46,216
17,30,33,40,42,43,239
9,13,14,20,31,35,154
4,5,6,12,20,29,106
2,7,10,14,16,22,114
15,18,23,31,37,49,211
6,12,36,39,41,48,199
8,15,24,31,37,42,202
14,16,24,26,27,39,152
4,13,23,24,26,36,171
12,14,16,19,27,32,164
8,12,13,19,26,38,127
2,3,16,27,44,48,164
6,26,28,35,42,43,218
3,21,29,35,38,45,217
11,12,16,33,34,43,177
8,15,17,40,43,48,192
2,15,21,37,43,46,200
5,7,14,29,37,38,142
3,8,20,22,34,40,165
19,21,22,38,44,49,238
10,17,24,31,42,49,178
6,16,20,21,23,37,163
6,29,31,34,40,48,192
4,8,16,20,25,31,147
24,30,38,43,46,49,236
2,4,12,16,18,41,141
3,11,13,18,26,31,137
5,8,9,18,41,47,177
4,5,16,19,21,49,134
7,17,27,30,33,39,159
20,22,23,26,31,47,171
4,21,25,37,45,46,184
6,12,19,20,38,39,147
18,20,26,27,28,39,203
6,10,19,29,32,42,151
7,17,29,33,42,45,197
18,28,33,37,39,42,212
11,12,34,39,44,48,209
9,14,21,23,39,44,169
8,16,27,38,44,49,213
25,26,33,40,41,47,222
4,7,10,33,35,49,184
14,27,32,39,41,47,212
6,9,11,14,33,48,152
4,6,7,9,28,39,113
4,16,32,34,35,37,159
5,8,12,24,28,31,130
1,17,25,29,41,46,165
6,16,17,22,24,45,178
3,10,19,33,35,38,146
3,15,21,22,36,47,171
8,13,28,32,36,46,178
2,7,11,21,33,34,116
9,11,22,39,40,42,175
10,29,31,32,36,47,202
1,27,32,33,45,48,211
9,24,30,40,42,48,208
3,9,33,44,47,49,223
7,15,19,23,37,48,194
7,19,26,38,44,49,207
5,6,7,18,28,40,116
1,2,16,22,26,49,131
9,17,18,21,23,39,172
2,6,18,36,37,44,162
2,6,10,17,29,30,103
4,8,16,19,34,40,159
7,10,22,24,34,44,159
1,14,21,30,35,48,173
4,9,13,29,31,36,138
1,11,14,35,37,42,166
1,16,22,32,33,40,192
15,16,19,28,38,42,178
7,14,24,37,43,48,202
5,9,27,35,42,43,175
9,23,32,35,36,40,180
5,11,12,16,17,45,148
4,9,15,25,30,40,165
9,27,28,31,41,42,203
1,3,6,22,23,39,115
5,11,13,17,44,48,163
9,18,22,29,30,48,179
9,14,15,18,26,46,173
1,25,26,27,39,49,204
2,3,7,24,46,47,165
4,8,16,23,28,47,160
5,6,8,19,34,38,121
8,14,19,28,29,48,152
7,13,31,43,45,47,209
4,6,9,12,15,40,111
4,13,23,28,30,32,141
8,14,18,23,27,44,182
11,13,14,16,21,44,154
11,13,21,33,36,47,164
12,22,25,43,46,49,207
19,20,23,42,44,45,200
4,6,10,11,24,33,114
2,8,13,18,26,39,116
12,24,33,36,39,42,207
11,15,25,33,44,45,190
1,14,25,37,39,47,201
6,8,24,25,32,47,157
11,16,20,22,27,46,171
4,5,21,35,37,42,158
5,11,13,18,25,35,114
2,6,9,13,17,36,87
3,10,22,25,31,49,144
9,12,20,25,33,35,151
6,8,10,13,22,32,94
14,16,24,28,45,48,204
4,15,25,27,33,40,164
10,12,22,32,45,46,194
7,11,12,36,38,39,187
1,9,24,27,36,45,191
5,6,18,22,24,38,123
1,17,24,26,30,49,161
1,9,10,11,16,49,133
2,8,16,24,32,41,127
3,12,15,18,30,31,134
2,5,6,13,25,47,143
3,7,12,21,25,36,128
4,13,18,21,30,46,137
4,10,20,24,39,49,177
11,24,26,35,39,40,213
3,27,34,41,42,48,203
4,6,11,17,31,41,154
7,13,17,33,40,42,160
18,31,35,39,40,42,237
2,12,26,32,37,47,178
2,5,15,34,35,43,146
6,10,11,19,22,46,154
3,9,12,13,20,43,107
12,23,25,26,34,49,173
3,6,15,23,28,42,157
4,18,22,27,44,48,196
3,18,21,24,36,38,160
3,10,21,25,29,49,157
12,31,33,39,41,45,224
15,27,35,37,38,39,202
3,9,10,12,46,47,149
16,22,28,30,33,35,201
3,13,22,32,44,46,186
10,11,17,34,38,46,204
7,13,23,40,41,48,173
6,12,19,25,31,41,155
13,16,22,43,47,49,218
8,17,33,41,43,45,224
13,19,24,30,40,48,205
2,3,23,33,40,46,177
7,21,22,28,37,40,156
1,10,33,35,38,43,194
2,20,22,25,41,47,194
3,15,19,24,28,34,140
3,19,31,32,36,40,204
17,19,20,32,36,48,190
9,20,22,24,27,28,142
3,6,9,12,40,43,157
8,9,19,34,47,49,170
4,33,34,38,39,49,220
11,18,25,27,39,44,198
11,17,24,28,41,47,216
1,7,25,31,32,39,153
14,20,21,30,41,46,178
8,11,17,30,32,41,186
13,16,23,29,36,49,180
8,11,21,32,35,42,196
23,24,30,31,33,37,198
11,14,19,35,46,49,191
3,35,39,42,44,48,252
2,5,19,23,32,41,160
9,14,26,28,30,45,190
15,19,29,35,44,45,194
1,9,14,20,43,44,163
6,21,24,38,39,48,217
1,9,16,34,38,41,143
4,14,25,35,42,48,205
1,5,11,19,28,36,138
4,15,34,40,44,46,228
5,18,26,34,42,49,182
1,6,26,34,39,42,173
6,18,40,43,47,49,235
1,2,4,38,42,43,153
22,26,38,39,41,42,216
6,16,18,29,30,35,182
13,17,39,46,47,49,259
13,14,21,30,43,49,187
4,15,21,23,24,38,161
2,8,10,31,46,48,157
4,7,26,28,39,49,200
12,17,21,25,31,37,173
5,8,12,20,28,48,161
1,2,13,29,33,49,133
15,25,29,35,39,40,194
4,6,30,36,43,44,183
4,6,9,12,15,40,111
3,11,15,33,36,45,181
7,10,24,39,40,42,167
2,10,24,31,37,47,189
3,9,11,23,36,44,151
10,15,17,26,46,49,210
2,4,16,28,37,47,139
9,11,23,27,29,33,168
10,12,20,37,39,48,197
4,12,19,21,34,44,172
10,34,35,39,43,47,241
3,6,13,23,27,49,137
4,12,34,35,38,48,198
5,7,18,27,31,33,150
14,17,30,37,38,41,226
1,5,13,20,27,45,125
15,24,26,27,33,34,182
2,11,13,27,34,43,155
18,19,25,30,33,43,172
6,10,12,15,20,27,116
1,20,31,38,43,46,215
1,12,29,35,37,40,179
3,10,12,30,39,40,157
1,8,15,18,34,38,133
20,21,23,24,27,28,176
9,13,24,25,42,48,166
17,18,28,29,32,40,203
6,27,29,38,42,49,221
11,21,27,38,40,44,183
1,14,21,24,35,46,179
5,15,20,22,24,47,178
3,9,11,24,29,43,144
5,21,28,29,40,44,202
7,15,16,19,22,48,165
4,6,9,13,35,36,149
3,5,7,9,24,35,94
2,14,27,31,36,44,202
8,14,33,34,35,43,179
9,16,23,26,27,42,187
1,29,32,33,34,38,173
2,3,9,34,35,41,170
5,9,10,11,23,26,96
9,10,17,29,33,40,153
7,9,23,30,47,49,183
8,15,23,32,35,49,171
4,26,28,32,44,46,187
3,11,19,24,33,35,134
15,17,33,35,39,40,228
6,9,13,18,29,30,142
3,12,17,18,22,42,133
16,27,28,29,30,42,215
2,3,9,15,26,29,103
2,22,26,28,30,39,159
3,4,12,23,30,31,136
7,12,19,23,46,48,183
11,12,22,23,24,36,154
8,9,11,16,18,22,120
12,26,34,39,40,45,215
7,16,17,23,29,34,130
1,8,22,28,35,44,157
5,9,14,37,38,44,189
19,27,35,37,39,42,222
15,20,22,34,37,39,184
10,25,28,36,45,48,232
3,6,10,26,30,38,128
2,23,38,41,47,49,201
3,11,12,41,46,47,180
3,4,29,34,41,42,178
4,14,18,24,32,40,169
9,10,12,16,30,31,111
2,15,17,32,36,42,148
15,31,33,35,41,44,208
1,4,16,37,39,40,172
10,15,23,34,39,41,195
5,19,24,38,42,46,201
4,10,14,29,31,38,169
4,17,22,44,46,49,208
1,6,8,14,17,32,90
7,23,30,41,45,49,197
2,6,21,23,43,47,171
11,17,28,31,40,43,209
3,22,27,33,45,48,195
7,11,14,27,45,48,189
5,21,22,25,27,35,149
2,23,37,40,48,49,228
1,13,26,38,41,47,173
4,15,18,30,31,47,154
8,14,16,39,43,47,205
1,8,12,20,29,49,123
16,29,30,32,38,45,230
8,11,16,25,39,46,182
7,17,29,31,39,44,171
9,18,21,24,37,48,179
9,14,24,28,32,41,161
2,14,26,29,31,40,149
2,5,12,15,30,48,150
5,7,18,22,25,34,123
7,8,27,37,40,46,166
1,2,6,13,38,43,127
4,12,13,15,30,36,152
6,10,30,32,43,45,189
8,13,17,22,29,42,174
6,11,15,18,34,45,172
14,24,26,28,44,49,230
2,3,12,20,33,49,130
13,15,25,31,37,39,201
5,14,27,29,34,35,148
2,8,23,25,36,42,166
15,18,26,32,36,37,186
1,20,28,33,40,45,202
2,20,34,35,40,44,224
3,13,22,23,39,45,149
5,13,31,36,40,41,172
8,20,36,43,45,49,213
2,19,22,25,34,47,177
3,4,27,30,36,47,155
3,6,11,17,23,29,133
9,24,30,32,36,40,206
1,4,12,13,18,19,105
1,5,9,20,23,39,135
4,6,12,31,38,48,168
19,21,39,44,45,49,264
1,2,23,39,42,49,161
12,18,26,35,40,44,224
24,25,34,38,41,43,216
5,9,12,31,32,38,130
6,12,16,19,33,44,150
11,25,27,32,37,43,178
5,11,24,32,35,42,169
17,36,37,40,43,45,252
26,27,28,43,45,46,220
14,21,23,32,36,46,189
2,10,15,28,36,41,140
3,5,17,32,40,43,169
23,25,28,41,46,47,237
18,20,31,33,43,45,191
18,23,34,44,46,48,219
18,20,24,30,43,44,226
2,11,23,28,35,39,153
12,19,22,26,36,41,195
2,4,7,27,28,35,124
9,18,34,37,39,47,189
3,9,11,17,27,48,121
18,23,24,36,43,44,209
10,23,26,30,41,45,224
16,31,32,46,47,48,254
9,20,21,27,39,40,170
9,17,26,32,33,36,159
1,16,18,32,39,44,183
2,6,27,28,40,49,166
3,13,19,20,23,26,105
8,17,30,32,38,40,169
2,22,23,31,35,40,173
9,27,28,33,39,41,189
5,8,10,29,39,41,147
4,6,10,28,35,39,130
10,16,21,22,35,49,184
14,16,26,39,44,48,210
1,2,11,31,38,43,172
9,17,25,26,31,42,157
10,17,20,21,23,31,154
3,4,17,24,29,40,163
8,10,11,14,28,36,125
1,13,18,36,43,48,161
3,8,21,23,30,46,157
6,14,32,35,41,42,213
4,6,22,31,33,35,134
2,5,19,20,33,43,154
2,12,24,31,41,48,198
12,17,32,41,44,48,209
9,10,30,37,45,46,206
1,5,9,27,42,45,150
13,16,19,31,37,47,168
6,9,28,31,37,42,165
1,8,10,13,20,34,114
10,17,25,32,34,40,178
1,15,35,42,45,48,224
7,14,17,39,41,49,196
11,21,34,42,43,45,216
13,24,33,35,42,49,233
5,9,18,23,31,39,162
6,11,24,30,32,45,151
8,10,21,23,25,48,138
11,18,28,32,36,39,185
3,5,14,19,24,40,143
2,17,19,28,31,47,158
13,23,26,27,37,49,222
1,31,32,33,36,38,179
2,5,22,25,39,41,161
9,16,25,29,31,37,171
6,9,20,21,31,34,169
6,21,30,32,33,44,201
3,21,25,32,37,46,179
6,25,33,37,42,43,209
6,19,25,32,37,39,179
18,22,26,42,45,46,243
5,23,24,29,39,44,190
2,4,17,19,38,45,140
9,14,16,38,46,47,181
3,7,24,25,26,41,154
4,24,31,33,36,40,193
1,4,13,15,35,38,145
4,29,37,39,40,43,201
24,25,26,38,39,40,195
3,25,28,29,32,45,210
1,7,9,33,36,38,163
3,18,28,37,39,42,207
5,8,11,15,38,45,143
1,8,27,32,39,45,159
9,19,36,37,39,49,199
13,15,25,31,37,39,201
2,3,16,26,34,39,169
13,15,22,25,33,34,159
7,13,33,37,48,49,207
9,21,35,38,46,49,238
6,9,31,33,40,45,205
11,15,24,33,43,49,202
14,16,23,24,25,43,193
4,15,19,44,45,49,187
20,21,22,24,27,34,177
4,10,18,41,42,47,170
11,30,38,45,46,49,256
6,7,8,17,27,46,140
3,6,27,29,33,41,147
5,11,29,31,35,39,195
15,26,30,35,40,41,221
12,22,30,31,34,39,204
13,21,28,37,39,45,189
2,22,32,33,37,45,182
3,5,11,16,41,48,156
2,3,14,29,35,42,137
14,30,31,36,44,47,228
6,30,34,38,45,48,233
18,19,24,26,27,44,166
5,11,19,29,33,35,178
9,17,18,23,30,35,146
10,16,25,26,32,40,195
21,25,29,32,38,44,203
19,22,30,33,35,39,183
9,12,27,29,41,47,184
4,5,16,17,20,32,97
2,20,33,40,43,46,198
4,20,21,35,39,40,187
8,10,26,34,48,49,181
16,19,26,27,41,47,210
7,20,21,27,28,41,148
3,17,32,35,43,49,206
5,10,12,17,28,30,149
8,15,19,26,33,36,138
2,13,16,24,25,40,138
5,13,17,31,42,46,158
4,21,25,27,31,34,187
13,16,22,25,31,39,153
14,17,22,24,38,43,179
10,24,30,33,40,45,198
1,11,33,37,42,43,186
24,26,33,35,43,44,232
8,16,25,27,28,34,170
15,28,32,43,44,45,227
1,15,25,26,40,43,166
3,5,30,31,38,47,191
23,29,34,36,41,45,230
8,31,37,43,44,48,225
6,18,20,25,35,36,171
18,26,33,35,37,47,199
5,9,13,17,22,27,123
34,37,39,41,42,47,285
4,8,32,34,40,47,181
1,16,17,19,33,34,129
14,26,33,45,46,49,243
5,22,23,24,26,29,160
2,12,17,25,33,39,129
2,17,36,39,42,48,225
2,4,5,19,20,27,98
1,4,16,37,47,49,181
15,23,24,34,36,47,223
1,4,24,26,27,48,158
11,17,19,40,44,45,192
1,26,28,32,46,48,191
3,6,8,10,36,47,112
6,15,28,29,30,47,174
5,11,19,23,38,46,176
1,4,12,23,33,40,148
2,10,16,19,33,45,155
3,10,29,31,36,44,198
2,6,8,23,44,46,166
6,9,11,21,40,48,162
8,11,20,33,43,47,211
8,9,19,28,31,37,177
14,18,29,38,43,44,199
6,11,15,32,38,42,168
3,5,23,28,42,49,191
5,11,13,18,25,46,144
16,30,34,37,41,42,205
23,25,28,33,44,49,248
1,6,13,23,29,34,143
6,13,27,28,34,42,193
18,27,32,35,44,47,226
7,14,17,42,44,45,216
3,11,18,23,38,49,176
8,24,27,31,34,36,179
3,22,27,31,38,49,215
16,22,24,30,39,44,184
5,7,15,37,42,44,153
3,12,15,17,22,29,103
3,11,12,20,21,28,126
2,3,4,19,23,40,113
1,4,7,11,13,27,75
3,7,8,16,19,30,92
2,16,17,18,27,28,151
4,7,10,14,27,42,129
6,8,14,16,21,43,127
20,24,33,34,37,48,221
4,16,18,43,45,49,198
26,29,30,42,43,47,235
13,15,25,31,37,39,201
7,11,37,38,42,44,181
8,11,13,17,48,49,165
1,15,23,32,36,43,169
7,28,30,34,38,45,188
1,22,35,39,42,48,199
3,10,25,28,30,43,170
16,21,24,29,30,39,179
10,14,27,31,32,47,202
1,30,35,47,48,49,218
13,23,24,25,26,30,145
13,16,25,26,36,46,177
4,11,19,22,31,48,141
1,29,31,32,34,36,208
10,12,26,27,39,40,174
6,12,13,28,33,38,140
2,8,10,23,27,32,146
14,16,23,24,27,39,186
11,12,33,37,38,49,183
5,9,14,28,46,49,196
4,23,34,38,39,41,206
20,27,28,34,43,44,197
13,14,18,32,34,49,180
7,12,27,34,41,46,181
13,24,25,26,37,40,195
6,16,22,26,30,34,179
9,15,17,29,30,39,150
4,15,17,26,37,41,169
15,19,25,36,44,45,227
10,16,29,34,37,47,204
11,15,32,33,37,39,195
2,3,6,41,44,45,151
23,28,29,37,38,42,246
5,7,9,10,22,47,137
4,29,31,36,38,48,221
4,17,20,26,29,36,163
5,26,43,46,47,49,244
6,7,29,32,41,46,210
11,27,46,47,48,49,270
2,3,18,30,34,35,146
3,19,32,40,47,48,226
5,30,31,33,35,45,182
2,4,7,27,43,44,172
1,14,18,24,26,28,130
18,19,26,39,40,47,193
4,10,29,32,34,40,197
4,16,22,34,39,42,192
1,2,11,30,33,45,161
6,10,15,32,42,49,158
4,9,13,15,18,40,129
7,11,15,18,19,49,144
1,2,21,24,33,49,169
26,32,34,35,41,48,217
10,18,34,35,39,48,190
5,6,13,21,31,47,153
5,9,15,30,32,39,161
16,22,23,36,45,48,209
3,8,10,35,38,39,164
9,25,29,32,37,38,198
9,11,35,37,40,45,203
3,19,36,40,43,48,210
7,21,25,32,43,44,199
2,7,9,18,38,45,161
2,3,17,23,40,43,159
7,8,17,30,46,48,190
4,17,23,24,30,35,138
6,15,20,36,38,42,161
8,18,27,28,46,48,219
17,30,33,34,38,48,209
17,18,24,29,35,48,174
2,3,7,17,21,32,83
1,6,12,29,36,44,149
6,15,27,32,37,44,164
5,6,18,36,44,49,168
3,5,8,9,18,44,129
4,34,40,41,44,49,258
1,14,25,33,34,43,165
6,8,17,21,39,47,160
7,11,13,14,38,41,169
12,14,32,44,48,49,224
10,16,17,21,39,41,191
2,9,16,21,31,44,161
6,18,23,26,32,44,183
10,26,28,34,35,39,189
2,15,16,18,47,48,167
7,17,19,29,30,38,180
9,11,37,40,41,49,220
4,13,23,29,41,43,202
1,25,27,41,46,49,193
6,8,20,29,34,36,176
1,8,15,21,31,39,147
6,16,26,32,34,46,193
5,11,15,26,29,32,167
16,24,27,28,30,36,196
2,6,8,9,36,39,129
33,34,37,40,41,47,237
2,17,20,42,46,48,219
5,20,25,30,36,47,178
14,17,20,43,47,49,221
4,14,18,24,41,44,170
9,18,34,41,42,43,220
7,8,21,24,33,34,129
11,12,17,19,24,47,167
13,14,32,35,41,47,228
4,10,35,36,43,46,180
4,9,33,34,36,45,187
6,8,31,37,40,48,206
3,11,17,39,47,49,200
4,14,28,34,43,44,180
4,26,33,41,48,49,220
6,19,22,23,28,29,145
9,15,18,33,38,44,173
29,33,35,36,45,48,253
3,4,14,31,48,49,194
5,27,31,32,38,49,183
14,28,37,38,45,48,228
2,4,27,34,39,44,187
4,12,19,22,36,40,177
17,19,20,21,25,26,142
14,15,17,29,30,33,175
10,23,24,25,30,37,194
14,19,35,36,40,45,237
5,7,9,17,20,45,113
7,30,32,36,40,41,231
7,14,20,30,33,46,177
1,10,19,36,47,48,172
9,10,24,37,39,40,195
4,7,19,21,39,49,165
14,26,30,32,36,48,201
15,19,23,29,30,46,164
1,11,16,18,27,42,119
3,9,11,29,45,46,162
1,6,7,8,25,42,128
6,8,11,39,40,43,169
10,13,29,31,36,45,208
5,14,19,23,33,48,182
14,18,19,35,44,45,208
14,16,21,22,24,41,170
8,15,21,26,28,32,159
17,22,26,27,39,41,215
15,30,36,39,41,49,212
4,7,12,28,32,37,134
12,18,23,31,44,48,216
3,11,23,28,30,48,172
21,27,38,42,44,46,259
10,14,35,36,37,46,221
1,5,14,18,34,44,139
6,14,19,22,30,36,150
8,10,15,21,23,45,165
13,20,24,27,33,39,162
7,10,22,29,43,44,181
8,14,15,22,41,48,191
5,14,20,40,41,42,170
11,26,34,38,40,46,202
13,27,29,42,43,46,228
12,19,28,29,38,49,205
5,22,23,30,33,45,164
3,9,14,19,34,38,153
1,18,19,24,30,38,171
10,22,29,39,46,47,202
3,25,28,30,39,45,175
6,10,12,30,36,49,147
3,19,21,37,40,49,204
12,25,29,34,45,47,208
5,14,24,26,37,44,180
9,17,20,27,37,41,154
16,18,20,25,29,34,157
7,14,25,33,45,48,183
2,6,7,15,25,44,144
3,4,18,24,44,49,159
1,19,39,40,42,46,209
5,6,21,41,48,49,207
1,5,18,21,23,33,121
2,7,8,10,22,23,118
4,13,17,26,27,40,163
18,22,25,35,39,41,211
1,3,9,23,37,46,125
8,13,18,21,40,44,186
10,23,25,34,41,47,210
7,8,16,22,24,28,153
1,5,15,22,26,42,151
20,27,33,41,44,46,223
12,16,23,25,31,42,167
9,23,26,33,40,44,206
2,5,18,40,47,49,180
3,8,16,22,38,39,152
6,24,27,31,39,45,204
10,14,21,25,39,45,194
1,3,16,20,37,40,132
14,15,18,26,31,36,188
1,3,12,23,37,43,152
2,8,11,28,35,44,145
7,20,23,28,31,40,191
13,14,29,41,46,49,235
7,25,26,27,29,32,179
7,12,15,35,43,49,169
2,19,22,30,33,41,171
9,28,30,33,40,44,200
1,23,24,31,45,49,179
7,13,16,31,36,44,173
4,7,40,41,45,48,231
7,17,21,22,38,39,147
10,12,25,28,31,40,147
2,8,26,30,39,45,196
5,17,32,39,42,49,203
9,22,31,34,35,43,194
7,10,12,15,25,42,144
2,9,27,33,39,40,195
8,14,15,17,20,47,159
9,26,28,30,42,43,180
4,9,33,34,36,45,187
16,24,25,30,34,45,223
4,8,9,10,21,24,107
12,18,25,28,33,40,173
2,7,25,35,40,42,164
13,21,24,29,35,41,171
1,8,10,14,18,37,115
10,12,17,28,30,42,164
6,12,16,18,21,29,128
9,16,19,31,36,37,163
15,19,22,25,42,48,185
12,16,22,35,38,48,186
5,11,15,23,35,39,172
3,19,21,30,41,47,199
4,6,15,23,36,44,139
1,2,6,29,32,47,130
5,6,14,18,29,33,112
10,28,32,36,37,49,219
20,23,26,29,34,41,205
10,14,20,22,45,49,169
10,18,27,37,41,47,213
3,12,19,21,29,31,130
12,15,24,26,31,35,179
5,12,21,26,33,45,177
4,11,27,34,36,45,166
5,15,17,19,20,47,161
16,17,21,27,30,37,163
10,12,14,25,46,48,186
5,7,20,24,30,41,164
11,15,36,37,38,45,191
2,4,5,17,22,29,93
18,20,24,30,39,48,225
7,24,27,31,40,41,203
1,11,12,13,35,42,119
6,7,8,13,24,28,104
4,14,15,17,21,31,150
1,5,17,19,37,47,137
5,20,26,40,42,48,182
3,4,27,29,47,49,182
15,25,26,33,34,41,217
12,18,38,39,45,49,220
14,15,17,26,35,46,171
3,16,20,26,28,43,151
3,5,9,13,17,37,99
10,16,33,38,40,44,213
12,13,18,39,43,49,211
22,26,30,40,42,47,211
1,3,17,19,39,42,152
6,24,33,38,42,43,197
12,15,24,36,45,49,213
3,9,10,16,20,22,115
16,24,27,39,45,49,244
15,27,31,40,41,49,204
7,13,25,31,34,45,159
8,11,29,34,40,41,198
8,24,26,28,36,43,199
6,9,13,35,36,47,177
3,4,16,20,33,44,147
2,7,10,15,17,28,103
8,9,13,17,41,43,145
10,18,35,38,41,43,206
11,13,24,32,34,47,170
3,5,25,33,34,35,149
5,6,26,30,33,40,183
10,23,35,39,45,46,199
3,5,24,31,48,49,175
4,5,6,20,30,35,134
9,12,24,25,26,43,142
12,15,20,31,33,40,189
11,12,22,27,40,44,193
7,8,11,12,39,42,121
1,13,25,39,41,44,189
9,11,16,17,18,38,156
8,34,38,42,44,46,226
12,14,16,18,20,33,148
3,13,23,27,41,49,162
3,16,27,33,36,42,169
11,21,22,41,47,48,226
5,11,21,32,42,48,187
8,15,24,40,43,45,208
8,10,22,24,37,44,147
3,14,16,19,37,44,164
4,11,14,27,43,46,187
1,11,12,27,48,49,167
6,8,21,23,41,46,150
12,19,25,36,44,46,200
3,9,14,38,42,47,172
6,9,23,31,35,48,163
2,14,20,23,24,30,135
2,16,25,30,31,32,172
3,6,36,44,45,48,229
7,20,27,39,46,48,236
6,14,20,23,29,49,189
8,10,27,34,40,41,208
9,10,16,18,27,42,165
2,12,13,14,21,30,131
9,10,24,43,47,48,186
2,6,21,29,34,47,150
6,10,14,24,32,41,156
5,9,13,16,35,39,128
5,12,13,35,38,47,195
3,7,11,12,24,27,97
5,21,24,25,39,48,194
10,15,17,21,37,47,149
7,9,20,21,30,37,166
4,9,33,34,36,45,187
12,18,22,37,38,49,211
11,23,28,30,32,46,219
7,9,13,44,47,48,190
18,22,23,32,40,42,205
2,19,24,33,35,46,171
18,30,33,34,38,48,237
14,15,31,36,42,47,186
19,23,40,43,45,49,227
4,17,19,25,35,37,144
6,11,18,19,38,42,151
26,28,29,30,41,49,234
2,3,5,15,22,29,102
2,15,35,36,38,39,169
5,26,28,30,42,44,215
5,9,10,13,41,44,161
6,7,22,27,35,42,140
2,5,21,25,34,36,151
3,5,9,28,35,47,141
13,14,17,25,31,49,167
11,15,17,30,43,49,168
5,24,28,36,42,47,190
1,22,30,33,40,47,215
6,19,24,26,42,43,183
2,5,8,23,26,32,114
4,27,28,29,34,43,185
4,18,24,34,36,48,174
1,4,5,7,18,47,88
1,3,7,19,20,46,111
4,8,29,33,38,48,175
2,6,22,26,33,48,180
9,19,22,34,41,46,177
12,15,22,29,30,35,187
13,16,18,24,31,43,147
11,29,32,37,40,48,211
12,22,23,27,34,35,178
1,19,20,30,35,46,191
5,17,29,36,37,49,175
1,7,11,38,41,42,185
6,12,15,24,35,47,161
1,3,25,33,36,42,154
5,9,11,20,23,30,143
16,36,40,43,45,47,237
17,21,29,33,35,46,209
13,23,28,37,42,45,213
2,5,11,22,24,42,107
8,14,22,26,35,37,153
14,18,20,30,43,47,207
5,9,14,25,34,38,165
4,11,22,27,47,49,193
3,19,23,28,37,43,187
3,8,11,12,39,43,134
8,15,23,24,28,34,141
1,18,20,38,43,48,210
8,12,28,30,43,49,212
5,15,19,25,34,36,174
3,7,13,17,27,40,126
10,11,18,23,26,37,131
9,18,22,23,29,33,149
11,13,14,28,40,42,196
5,10,16,23,31,44,166
14,19,30,31,47,48,205
7,9,18,24,39,40,141
18,26,32,36,40,45,218
10,31,35,40,41,44,247
2,5,9,28,29,48,157
10,19,20,33,43,46,196
15,26,29,35,36,41,201
3,5,8,10,16,17,105
16,17,22,38,44,49,200
1,7,9,27,30,48,150
9,25,34,37,44,45,200
17,22,23,33,36,42,185
16,18,29,34,35,39,211
13,20,31,34,36,44,189
1,6,10,23,25,40,137
4,17,22,26,31,47,179
8,17,20,32,41,43,170
3,7,20,31,43,45,190
14,16,20,38,39,45,195
8,14,16,21,47,49,184
20,29,33,35,37,40,199
17,20,28,39,43,44,231
4,21,25,27,31,49,183
14,19,22,25,38,48,174
11,12,16,20,35,46,174
2,9,12,26,31,44,129
1,4,5,8,25,46,119
4,9,10,13,29,40,150
3,10,11,24,25,35,151
19,23,34,35,39,49,232
17,19,35,37,46,48,204
15,17,19,22,33,40,173
3,7,20,24,30,39,171
8,25,27,36,39,44,183
12,13,28,33,46,49,210
27,34,35,36,41,48,250
9,29,37,38,42,46,236
4,15,21,30,41,49,171
2,6,9,18,24,35,113
7,12,23,27,30,31,163
4,11,13,24,32,46,149
22,23,25,27,28,46,195
19,23,31,36,45,46,227
4,11,18,28,41,44,154
9,12,16,22,26,48,147
22,31,47,52,55,59,289
17,21,31,38,44,58,229
1,2,4,19,28,41,127
13,14,27,46,48,50,240
10,12,35,46,48,57,222
15,22,25,40,53,57,235
3,8,14,28,34,53,172
10,11,15,50,51,56,216
9,11,14,28,37,42,153
7,12,20,24,34,52,167
18,29,38,41,43,57,234
2,8,10,11,32,47,128
9,23,30,46,49,55,249
2,23,39,54,55,57,241
2,17,27,28,51,52,191
2,3,34,43,49,50,219
11,13,18,25,29,47,202
26,39,41,42,55,59,278
26,36,41,46,49,52,259
29,31,43,55,58,59,286
13,14,21,25,51,53,216
8,30,37,40,46,50,247
7,13,20,27,39,52,193
2,3,16,32,53,54,168
5,7,11,30,44,49,171
7,8,9,14,35,44,121
5,8,11,17,40,45,132
9,17,31,33,41,42,199
9,17,21,23,35,36,178
14,26,28,31,32,44,197
12,14,21,22,37,43,185
14,20,28,31,40,46,223
6,18,20,21,29,31,128
24,29,33,40,43,49,240
2,9,27,29,33,40,186
12,18,23,33,42,43,181
3,4,7,18,48,49,161
7,19,22,28,40,44,191
5,6,7,25,27,33,137
4,8,10,21,41,49,161
6,15,17,20,24,25,144
6,22,28,30,39,44,202
5,8,12,28,39,41,151
1,16,27,42,46,47,203
18,21,31,42,45,47,223
2,4,5,15,20,48,131
7,23,26,33,38,45,201
8,15,17,33,41,47,196
4,7,14,21,22,29,138
6,12,32,36,38,47,172
3,10,35,38,40,41,194
13,14,35,39,46,49,199
4,10,13,18,29,33,156
2,4,8,21,30,38,125
14,23,28,33,35,42,179
1,6,23,25,32,35,149
2,8,12,15,21,42,122
18,23,25,37,39,47,206
23,29,30,39,42,49,217
10,14,19,24,28,33,134
17,32,39,40,43,49,222
6,7,23,27,38,49,174
12,27,28,39,41,48,198
1,8,22,30,34,40,160
6,9,22,38,39,41,192
7,11,15,32,46,48,176
1,5,21,33,34,47,172
5,17,22,31,40,48,181
1,11,14,15,19,41,141
7,10,11,30,31,42,167
3,4,25,27,42,45,153
4,11,27,28,30,49,196
15,21,28,35,42,43,207
1,23,27,36,43,45,185
1,18,22,25,31,39,178
17,22,24,28,33,46,189
18,28,30,31,41,46,195
1,18,20,31,38,47,198
11,15,18,22,41,49,193
3,4,6,21,23,44,149
3,17,20,24,38,43,157
1,5,7,21,37,49,150
4,7,9,17,20,48,116
6,17,24,29,33,36,190
7,9,21,22,24,47,155
2,17,21,26,30,48,175
3,8,19,27,42,43,188
4,7,9,10,19,47,139
12,14,15,20,40,41,184
1,19,24,27,38,48,193
21,23,25,34,42,49,224
7,20,23,29,40,46,187
8,9,10,21,35,41,146
3,6,15,17,18,35,116
10,13,17,22,40,46,180
7,10,16,33,39,44,164
3,4,17,24,30,34,148
4,8,19,35,44,49,176
1,6,32,34,37,45,181
29,37,42,46,47,49,254
17,20,28,29,33,36,186
13,14,16,24,41,43,190
4,5,10,12,20,23,98
10,15,17,18,19,31,134
9,12,16,22,26,48,147
10,17,35,41,51,54,233
5,40,47,48,52,54,279
16,19,29,46,54,58,234
10,13,22,35,42,52,201
2,11,18,32,40,54,165
3,7,8,9,40,58,161
11,26,31,32,33,46,199
16,27,31,32,44,58,250
3,8,9,19,21,54,145
10,20,25,39,45,55,216
1,2,28,40,48,49,185
2,4,8,25,38,39,145
5,7,8,16,28,37,141
7,12,33,47,50,51,240
3,11,16,31,44,55,168
12,13,30,34,39,52,218
8,12,16,26,45,49,183
5,14,19,24,31,38,160
7,8,16,24,29,58,184
5,11,27,29,52,53,190
9,19,26,27,45,50,199
2,3,4,32,54,59,166
14,16,25,42,46,51,247
2,22,29,30,36,58,230
11,17,20,32,40,42,189
11,16,25,37,43,44,215
4,5,18,28,43,58,211
19,29,37,41,51,53,285
11,24,34,43,44,47,245
20,21,28,33,49,56,250
10,14,25,29,52,54,221
16,23,35,42,44,58,246
6,17,37,46,47,51,206
3,10,12,29,30,44,139
2,6,17,28,38,55,183
15,16,26,45,47,49,248
5,10,22,23,34,54,156
4,10,15,37,38,59,164
8,18,26,35,41,52,197
4,15,27,36,37,59,233
12,20,31,39,43,46,229
11,17,35,36,40,59,237
34,39,42,47,53,54,277
16,17,22,38,41,55,194
14,26,28,41,51,57,265
9,24,26,38,40,46,213
19,20,30,37,54,59,244
18,29,30,37,46,59,242
10,14,17,32,36,50,200
1,22,30,34,57,58,253
1,3,22,29,36,42,145
1,3,20,24,38,39,129
3,9,16,19,24,43,127
10,19,21,45,46,56,199
13,14,18,22,24,56,163
11,25,36,39,40,57,245
10,17,26,31,35,38,204
2,14,19,20,29,38,149
4,17,30,38,47,55,194
28,33,43,49,55,58,287
7,32,34,48,55,58,264
23,27,36,39,41,49,221
8,10,36,40,52,57,262
6,20,33,44,45,55,219
6,7,19,28,30,52,188
1,3,28,34,37,46,208
9,12,23,24,32,51,167
13,22,23,33,49,54,247
4,14,17,27,34,36,160
1,2,3,4,20,21,73
1,2,5,38,53,56,186
12,24,29,34,39,57,223
2,14,26,35,44,59,204
1,7,9,10,12,31,98
2,5,14,42,51,55,223
13,15,17,19,35,57,177
20,22,25,34,47,51,217
15,17,31,41,50,57,216
7,14,20,33,47,55,191
5,13,24,31,40,41,161
5,12,43,51,53,57,249
7,14,21,35,41,42,203
21,27,31,34,40,54,229
13,14,31,42,44,58,203
13,21,30,39,51,56,211
26,31,35,37,40,49,254
11,19,29,37,40,41,224
4,15,21,26,39,58,183
11,14,22,37,53,56,248
4,14,18,19,26,27,133
2,17,35,41,57,59,253
5,15,33,47,51,59,217
15,16,23,39,48,59,236
2,13,25,32,37,39,196
10,12,18,34,52,56,232
23,25,34,36,37,54,258
1,6,21,31,41,44,186
8,38,41,42,50,58,261
8,9,10,11,41,54,157
18,36,37,38,54,57,254
1,8,12,25,43,52,179
4,12,38,46,57,59,224
26,27,46,47,52,58,304
8,30,40,50,54,57,252
12,25,29,40,48,56,262
33,37,42,47,55,58,306
18,36,48,57,58,59,326
20,32,36,44,47,56,276
10,20,28,38,41,46,199
22,25,35,45,46,57,244
6,14,23,24,43,58,208
2,32,37,39,46,54,229
3,19,24,31,50,52,195
4,9,13,32,46,50,206
20,32,42,43,53,58,256
4,7,29,45,54,56,203
2,16,17,27,36,37,177
1,20,24,36,54,58,204
2,11,22,36,51,59,188
4,16,27,30,41,49,221
2,17,25,32,42,49,171
6,20,23,29,35,53,223
13,14,18,19,21,36,174
8,15,33,42,55,58,264
1,3,11,37,49,58,180
3,31,37,41,44,59,247
11,12,15,22,27,44,138
6,22,40,43,47,58,258
17,38,49,54,55,56,282
15,20,30,37,47,51,221
12,20,32,38,48,54,209
13,18,21,30,50,54,206
30,35,45,47,52,55,304
17,18,26,39,54,56,267
8,20,25,50,51,58,257
1,6,31,37,49,50,212
4,11,14,21,29,56,162
4,7,13,49,56,58,193
16,30,34,50,52,53,281
30,33,35,40,41,59,246
34,42,46,57,58,59,334
20,25,34,41,42,52,272
8,16,21,41,44,56,231
12,25,39,46,52,55,232
7,17,28,43,44,45,238
10,27,49,52,55,56,266
5,9,25,34,51,59,227
14,24,30,45,49,56,245
4,6,24,35,45,52,174
1,26,41,55,56,59,274
5,10,29,35,55,56,220
5,13,21,35,41,47,185
2,6,14,16,25,36,141
7,8,14,47,56,58,213
7,14,19,38,40,45,181
1,11,18,27,32,50,164
16,18,25,27,29,57,176
2,19,36,52,54,59,228
2,10,21,23,54,56,210
4,16,26,39,42,54,205
1,3,5,11,15,43,126
1,11,16,20,24,44,158
2,4,14,23,34,46,168
10,18,28,35,36,50,179
6,8,12,36,37,41,190
12,19,21,38,47,51,236
18,23,28,52,56,59,272
20,22,31,39,41,54,240
3,30,44,45,55,59,273
7,8,13,29,43,53,169
3,19,20,24,30,38,175
7,14,15,21,23,57,189
7,12,17,35,37,58,191
5,34,36,38,39,48,230
13,22,24,34,41,57,231
24,29,30,36,46,48,220
12,15,30,43,47,59,247
4,6,34,37,42,52,199
4,27,47,54,55,59,291
8,10,16,19,23,31,155
3,16,34,42,49,52,246
14,23,36,45,47,50,236
10,16,18,32,42,45,193
1,2,11,23,25,54,130
5,6,16,32,42,51,191
39,48,52,53,54,58,332
6,11,12,19,27,31,148
3,8,19,26,37,41,177
6,24,27,38,39,58,247
6,15,23,29,55,57,231
11,19,22,42,43,49,234
24,38,39,40,49,56,267
2,7,21,22,47,53,194
18,24,34,38,41,49,230
1,16,28,31,38,54,173
11,13,21,37,49,59,194
17,23,28,38,47,56,240
15,18,23,42,43,52,221
7,23,41,44,49,54,255
6,9,27,30,40,50,184
6,8,15,31,45,58,202
5,21,23,34,43,45,191
4,9,20,23,37,53,185
4,13,37,40,52,58,255
8,14,20,27,28,53,195
14,19,21,36,53,54,230
21,26,29,35,46,59,226
8,16,33,36,45,51,227
10,29,37,42,48,49,247
26,31,38,40,45,57,265
7,14,35,45,54,58,214
4,15,17,24,32,56,179
12,24,33,34,39,56,236
5,26,34,35,43,49,211
3,22,31,46,51,59,265
6,23,36,38,43,48,211
1,6,13,23,45,56,185
5,8,9,12,31,49,171
36,39,45,46,48,52,304
15,27,30,32,42,43,199
24,31,35,42,46,53,240
4,5,9,12,17,42,121
4,11,20,45,48,53,197
7,12,17,38,42,44,213
4,5,9,40,46,59,221
16,31,41,45,47,52,285
5,14,20,24,28,45,157
1,6,25,26,31,39,184
9,22,32,40,51,59,230
12,18,40,42,46,59,266
1,5,6,20,51,54,193
19,26,40,52,56,58,289
10,49,50,53,54,56,276
23,26,30,32,37,39,192
3,5,11,25,27,45,134
17,36,40,44,54,58,276
3,8,37,39,47,59,235
5,16,18,20,25,55,175
7,20,25,26,34,40,211
25,42,48,50,55,58,322
11,12,13,14,54,56,196
7,19,33,34,52,53,246
12,18,22,23,48,59,229
3,21,22,38,46,55,235
19,23,30,50,51,54,282
9,22,33,39,41,56,248
15,20,21,25,34,47,198
1,2,6,12,13,55,100
3,28,34,41,48,58,266
1,3,10,18,19,37,145
8,19,20,27,31,34,146
5,17,23,25,34,51,207
15,17,18,34,46,54,188
11,29,31,32,38,45,196
5,19,20,23,30,43,146
9,13,16,25,40,46,201
22,34,44,49,51,53,286
4,8,13,26,41,55,205
8,11,17,25,33,46,153
17,18,29,48,52,54,219
8,13,22,46,52,58,206
6,28,32,45,46,49,256
4,41,45,54,57,58,285
1,10,15,25,31,47,182
15,22,26,35,41,43,183
10,18,36,37,41,46,196
5,15,22,33,38,45,169
3,17,20,55,56,58,266
12,22,31,35,42,58,255
4,32,38,43,51,58,236
4,5,8,26,32,39,130
9,14,19,29,39,40,153
1,15,17,32,36,45,151
1,3,34,36,48,52,196
4,22,26,32,48,54,243
1,15,21,30,35,44,151
18,21,25,30,56,59,214
2,9,14,49,52,56,223
4,8,10,26,38,48,175
3,11,37,38,43,44,196
5,14,18,40,41,50,180
2,8,9,12,20,57,146
4,11,21,39,41,59,233
10,40,42,46,47,48,271
21,25,32,52,56,59,273
1,4,31,33,52,55,189
1,9,15,26,38,43,146
6,8,20,26,35,36,170
2,6,7,15,52,54,181
3,11,16,36,43,59,217
2,35,44,51,54,55,286
7,8,13,24,45,46,182
7,19,38,45,47,53,224
3,7,36,42,53,59,250
8,10,22,37,55,57,218
15,19,20,29,42,50,211
9,10,27,30,33,45,183
2,11,35,40,48,55,198
14,25,29,30,35,53,224
5,8,9,10,38,53,179
2,8,33,46,48,50,192
3,12,15,29,51,58,181
5,19,29,34,40,45,229
8,26,27,29,49,58,235
5,19,21,42,44,57,206
29,33,43,45,49,56,271
1,22,39,44,48,59,218
2,10,19,28,29,31,166
30,33,37,43,55,56,300
6,7,9,18,35,46,126
6,11,27,29,40,55,213
18,28,31,32,44,51,254
11,19,20,30,35,49,208
1,2,12,23,41,55,143
5,10,11,45,54,58,223
12,27,33,36,42,45,221
13,15,36,44,50,56,259
2,21,23,32,44,49,227
7,14,16,33,35,47,177
6,20,27,34,35,57,218
9,13,21,25,28,31,128
8,16,24,36,40,57,232
7,16,22,39,48,55,237
23,25,28,38,47,58,250
8,17,31,47,49,52,216
2,10,25,51,56,59,220
1,2,7,9,44,55,157
2,11,16,46,51,58,215
17,22,25,27,32,35,163
13,16,28,34,41,56,228
2,8,19,41,51,56,200
16,23,26,38,56,59,250
5,29,30,39,53,58,233
8,15,17,31,33,52,169
4,5,18,29,40,47,200
23,27,30,36,40,42,256
14,22,40,44,55,58,245
4,8,12,13,32,34,161
13,15,20,37,42,47,223
2,19,21,23,29,42,162
3,4,16,39,43,52,204
18,23,32,33,34,41,235
1,25,28,34,39,57,234
6,10,14,19,26,43,146
4,9,26,35,38,53,195
3,13,27,30,32,37,150
11,13,32,40,45,49,229
5,10,16,26,41,58,171
1,40,41,49,52,57,283
27,36,39,45,46,55,286
11,14,26,51,53,58,243
6,9,10,41,46,58,215
14,16,24,28,30,53,188
5,8,9,17,23,29,140
7,11,36,44,52,58,239
8,30,34,44,45,57,249
9,18,20,42,43,46,208
14,19,30,45,48,58,217
2,4,17,28,37,45,155
14,18,23,28,36,37,188
5,8,40,41,43,45,205
18,25,29,32,35,58,209
4,10,11,17,53,54,155
24,30,44,50,56,57,270
10,20,27,29,38,52,233
11,32,43,44,47,52,256
5,7,9,24,32,44,159
6,9,17,32,44,57,176
22,26,31,39,47,55,255
7,40,42,47,52,54,271
6,16,34,36,37,53,232
12,13,22,37,42,55,224
11,20,23,32,33,56,200
8,26,36,39,40,47,238
3,15,27,32,46,53,233
5,9,26,35,43,54,196
7,27,31,36,37,50,206
7,22,23,26,31,54,166
8,11,18,39,44,50,193
13,14,19,45,49,55,219
16,19,31,35,45,56,261
16,17,35,39,40,55,243
10,12,23,29,35,57,175
1,7,26,34,52,53,183
22,29,35,41,43,51,263
7,8,11,17,34,54,135
8,23,28,42,43,51,247
4,10,15,24,37,38,158
20,22,36,42,48,49,247
5,8,22,33,36,43,168
5,9,17,26,35,52,188
3,27,35,45,54,55,243
13,18,25,35,39,50,201
6,26,30,50,52,59,250
2,19,35,53,56,58,235
6,26,32,37,42,59,240
1,11,29,40,46,48,192
22,27,35,40,46,52,224
2,12,15,43,46,53,188
4,8,16,19,33,45,179
19,20,22,31,51,54,213
6,9,38,40,42,48,240
3,11,17,33,41,51,204
11,15,18,43,46,51,196
4,8,26,31,42,45,211
25,27,31,36,38,47,216
3,16,24,41,44,53,196
1,6,41,53,55,59,235
7,22,31,43,47,58,210
29,40,42,47,51,56,310
5,27,30,41,45,58,244
11,15,17,22,31,52,193
1,12,44,48,54,55,222
13,29,32,43,49,55,247
3,17,36,42,51,57,224
18,25,27,28,32,47,183
8,9,10,35,40,53,176
11,17,21,24,37,49,204
26,43,44,46,52,55,272
20,42,48,51,52,54,288
4,10,14,21,27,28,127
2,28,30,36,38,43,210
13,38,39,49,53,56,307
7,8,10,14,28,33,126
13,38,47,51,52,59,278
16,22,26,38,39,47,236
9,27,35,45,46,57,251
11,18,30,33,44,55,239
23,32,37,49,54,57,299
18,26,27,28,41,54,239
25,37,39,44,50,56,264
6,36,46,49,50,59,284
3,33,45,50,52,56,283
10,20,28,32,35,50,199
1,6,16,34,49,59,200
11,18,27,38,47,59,214
13,18,19,47,53,57,251
9,12,27,28,29,44,157
26,32,38,41,49,51,283
9,12,28,31,46,50,186
11,21,36,45,49,56,220
12,18,37,52,56,58,286
1,4,13,24,27,47,118
10,25,34,41,46,55,247
1,19,35,38,54,55,247
8,17,28,35,47,51,238
9,13,39,49,52,53,271
16,20,29,33,47,49,239
5,23,36,37,42,52,209
11,13,33,48,50,56,266
3,11,28,36,38,47,195
11,15,45,54,55,58,250
5,10,21,47,51,57,207
4,8,24,27,31,39,178
19,23,24,28,37,51,194
21,22,32,36,45,50,211
10,14,16,22,25,34,142
6,8,27,31,37,51,180
2,40,49,53,56,58,299
1,28,42,43,51,58,259
4,10,13,24,53,56,182
1,24,39,46,49,52,262
10,13,14,18,33,34,137
2,7,11,23,37,45,144
1,20,24,32,33,42,182
9,27,29,37,44,53,248
9,10,14,17,32,58,162
5,18,22,31,50,59,215
32,33,34,48,52,57,269
1,8,24,27,29,55,148
2,15,19,33,37,43,161
1,8,33,50,52,57,242
7,21,26,30,40,48,185
2,9,33,39,48,54,228
10,12,19,21,35,51,190
20,26,50,51,55,57,299
3,6,12,17,35,40,146
1,2,5,11,14,33,114
2,6,8,32,33,35,161
4,7,19,23,34,38,171
15,37,38,42,45,59,290
7,24,26,37,40,57,235
4,20,21,44,48,52,223
14,16,19,31,38,47,185
7,18,21,26,42,50,223
23,29,32,48,49,51,245
14,18,23,39,44,52,237
16,17,32,36,40,47,192
3,9,21,25,28,59,181
3,8,18,47,50,59,197
3,6,31,43,46,53,208
25,37,38,43,54,57,271
20,28,30,31,44,55,258
1,4,19,20,41,45,137
4,22,28,39,45,49,212
4,16,17,22,27,52,168
8,14,27,33,46,49,188
11,24,25,39,53,57,218
12,26,29,34,56,58,256
3,7,11,19,27,52,124
7,22,30,38,42,47,200
10,39,45,46,52,54,258
5,29,35,36,40,44,231
4,7,14,19,50,56,158
25,32,34,52,55,58,265
19,20,27,49,52,57,228
21,23,25,27,36,47,196
7,18,21,27,28,48,159
10,11,33,41,45,54,212
2,3,5,27,51,54,148
8,35,42,43,54,59,262
20,31,39,42,43,48,224
7,42,44,47,58,59,309
7,23,40,42,47,59,276
18,30,33,39,54,55,250
19,23,25,29,30,36,176
14,29,35,41,42,55,227
15,25,50,52,54,55,279
27,28,46,51,55,57,278
2,23,42,47,50,59,255
3,13,14,34,50,51,176
13,20,30,38,50,55,211
1,9,16,17,18,34,108
3,16,18,24,36,56,163
5,6,8,20,26,39,105
15,16,37,42,44,50,252
1,15,29,33,42,49,223
27,28,32,39,46,52,230
4,9,17,21,26,46,135
4,28,31,36,51,55,247
22,30,34,35,45,50,267
1,6,25,45,49,52,234
3,5,7,13,25,57,147
3,15,38,45,48,53,229
1,8,12,16,18,42,101
9,21,23,30,35,38,209
2,8,36,51,52,54,213
6,8,9,36,39,57,192
